Model,Accuracy
Random Forest,0.9296647230320699
SVM,0.9274781341107872
Neural Network (MLP),0.9139941690962099
